placement_id,question_id
google.com/,YOUR-GENDER-IDENTITY
facebook.com/ads/,YOUR-AGE-GROUP
facebook.com/ads/,YOUR-GENDER-IDENTITY
reddit.com/sports/,OPINION-ON-FIFA-W-CUP
reddit.com/sports/,SLEEP-MORE-THAN-8H
reddit.com/sports/,YOUR-AGE-GROUP
reddit.com/sports/,YOUR-GENDER-IDENTITY
amazon.com/discounts/,BEST-DAY-GROCERY-SHOP
amazon.com/discounts/,SLEEP-MORE-THAN-8H
amazon.com/discounts/,YOUR-AGE-GROUP
amazon.com/discounts/,YOUR-GENDER-IDENTITY
yahoo.com/email/,YOUR-AGE-GROUP
yahoo.com/email/,YOUR-GENDER-IDENTITY
twitter.com/ads/,YOUR-AGE-GROUP
twitter.com/ads/,YOUR-GENDER-IDENTITY
instagram.com/ads/,SLEEP-MORE-THAN-8H
instagram.com/ads/,YOUR-AGE-GROUP
instagram.com/ads/,YOUR-GENDER-IDENTITY
weather.com/,YOUR-AGE-GROUP
weather.com/us-cities/,BEST-COUNTRY-TOURISM
weather.com/us-cities/,YOUR-AGE-GROUP
weather.com/us-cities/,YOUR-GENDER-IDENTITY
bing.com/ads/,YOUR-AGE-GROUP
bing.com/ads/,YOUR-GENDER-IDENTITY
cnn.com/international/,FAV-MATRIX-MOVIE-ACTOR
cnn.com/international/,YOUR-AGE-GROUP
cnn.com/international/,YOUR-GENDER-IDENTITY
ebay.com/,YOUR-AGE-GROUP
ebay.com/,YOUR-GENDER-IDENTITY
ebay.com/discounts/,OPINION-ON-NEWEST-APL-DEV
ebay.com/discounts/,SLEEP-MORE-THAN-8H
ebay.com/discounts/,YOUR-AGE-GROUP
ebay.com/discounts/,YOUR-GENDER-IDENTITY
quora.com/,YOUR-AGE-GROUP
twitch.tv/api/,YOUR-AGE-GROUP
twitch.tv/api/,YOUR-GENDER-IDENTITY
